{
    "time": "2025-12-02T19:44:53.339250"
}
{
    "type": "recommendation",
    "metrics": {
        "top_1_hit_rate": 0.3170103092783505,
        "top_3_hit_rate": 0.5618556701030928,
        "top_5_hit_rate": 0.6907216494845361,
        "average_hit_rate": 0.5231958762886598,
        "total_scenarios": 388,
        "top_1_hits": 123,
        "top_3_hits": 218,
        "top_5_hits": 268
    },
    "data_info": {
        "evaluated_count": 388,
        "original_simulation_count": 388,
        "original_ground_truth_count": 388
    }
}
