{
    "time": "2025-11-24T07:40:49.930246",
    "results": {
        "type": "simulation",
        "metrics": {
            "preference_estimation": 0.8587499999999997,
            "review_generation": 0.8365981042793835,
            "overall_quality": 0.8476740521396916
        },
        "data_info": {
            "evaluated_count": 400,
            "original_simulation_count": 400,
            "original_ground_truth_count": 400
        }
    }
}
