{
    "time": "2025-11-24T06:13:00.204747",
    "results": {
        "type": "simulation",
        "metrics": {
            "preference_estimation": 0.8668999999999996,
            "review_generation": 0.8739805850748776,
            "overall_quality": 0.8704402925374386
        },
        "data_info": {
            "evaluated_count": 400,
            "original_simulation_count": 400,
            "original_ground_truth_count": 400
        }
    }
}
