{
    "time": "2025-12-05T07:47:29.108354",
    "type": "recommendation",
    "metrics": {
        "top_1_hit_rate": 0.2190721649484536,
        "top_3_hit_rate": 0.4793814432989691,
        "top_5_hit_rate": 0.6108247422680413,
        "average_hit_rate": 0.436426116838488,
        "total_scenarios": 388,
        "top_1_hits": 85,
        "top_3_hits": 186,
        "top_5_hits": 237
    },
    "data_info": {
        "evaluated_count": 388,
        "original_simulation_count": 388,
        "original_ground_truth_count": 388
    }
}