{
    "time": "2025-11-25T08:18:38.524364",
    "results": {
        "type": "simulation",
        "metrics": {
            "preference_estimation": 0.8654999999999997,
            "review_generation": 0.847754350496789,
            "overall_quality": 0.8566271752483944
        },
        "data_info": {
            "evaluated_count": 400,
            "original_simulation_count": 400,
            "original_ground_truth_count": 400
        }
    }
}
