{
    "type": "recommendation",
    "metrics": {
        "top_1_hit_rate": 0.22164948453608246,
        "top_3_hit_rate": 0.4587628865979381,
        "top_5_hit_rate": 0.5618556701030928,
        "average_hit_rate": 0.41408934707903783,
        "total_scenarios": 388,
        "top_1_hits": 86,
        "top_3_hits": 178,
        "top_5_hits": 218
    },
    "data_info": {
        "evaluated_count": 388,
        "original_simulation_count": 388,
        "original_ground_truth_count": 388
    }
}