{
    "time": "2025-12-05T06:50:09.200724",
    "config": {},
    "results": {
        "type": "simulation",
        "metrics": {
            "preference_estimation": 0.8519999999999999,
            "review_generation": 0.8503217351150887,
            "overall_quality": 0.8511608675575443
        },
        "data_info": {
            "evaluated_count": 50,
            "original_simulation_count": 50,
            "original_ground_truth_count": 400
        }
    }
}